<?xml version="1.0" encoding="UTF-8" standalone="yes"?>
<addon id="iddly.github.io" name="[COLOR white]Snow[/COLOR][COLOR red]Flix[/COLOR] [COLOR lightgreen]Repository[/COLOR]" version="1.1" provider-name="Iddly">
    <extension point="xbmc.addon.repository" name="[COLOR white]Snow[/COLOR][COLOR red]Flix[/COLOR] [COLOR lightgreen]Repository[/COLOR]">
        <dir>
            <info compressed="false">https://raw.githubusercontent.com/Maczilla/Maczilla.github.io/main/repo/zips/addons.xml</info>
            <checksum>https://raw.githubusercontent.com/Maczilla/Maczilla.github.io/main/repo/zips/addons.xml.md5</checksum>
            <datadir zip="true">https://raw.githubusercontent.com/Maczilla/Maczilla.github.io/main/repo/zips/</datadir>
        </dir>
    </extension>
    <extension point="xbmc.addon.metadata">
        <summary>[COLOR white]Snow[/COLOR][COLOR red]Flix[/COLOR] [COLOR lightgreen]Repository[/COLOR]</summary>
        <description>Kodi Repo for distributing builds to alternative devices</description>
        <disclaimer></disclaimer>
        <platform>all</platform>
        <assets>
            <icon>icon.png</icon>
            <fanart>fanart.jpg</fanart>
        </assets>
    </extension>
</addon>